;resid1;resname1;atom1;resid2;resname2;atom2;distance;res_pair;NOE_id
3;6;THR;HG22;7;GLY;H;4.75;(6, 7);1
4;6;THR;HG23;7;GLY;H;4.75;(6, 7);1
2;6;THR;HG21;7;GLY;H;4.75;(6, 7);1
12;4;PRO;HD2;5;GLU;H;3.66;(4, 5);4
13;4;PRO;HD3;5;GLU;H;3.66;(4, 5);4
32;7;GLY;H;8;THR;H;3.44;(7, 8);11
33;6;THR;H;7;GLY;H;2.82;(6, 7);12
34;5;GLU;H;6;THR;H;3.29;(5, 6);13
80;6;THR;HB;8;THR;H;4.87;(6, 8);34
90;3;ASP;HA;4;PRO;HD3;3.25;(3, 4);39
89;3;ASP;HA;4;PRO;HD2;3.25;(3, 4);39
107;3;ASP;HB2;5;GLU;H;4.62;(3, 5);45
108;3;ASP;HB3;5;GLU;H;4.62;(3, 5);45
109;3;ASP;HB2;6;THR;HB;4.52;(3, 6);46
110;3;ASP;HB3;6;THR;HB;4.52;(3, 6);46
111;3;ASP;HB2;8;THR;H;3.61;(3, 8);47
112;3;ASP;HB3;8;THR;H;3.61;(3, 8);47
113;3;ASP;HB2;8;THR;HB;4.33;(3, 8);48
114;3;ASP;HB3;8;THR;HB;4.33;(3, 8);48
