selection_1,selection_2,target,lower_tol,upper_tol,group
resid 3 and name HE1,resid 18 and name HB2,3.50,0.60,0.90,0
resid 3 and name HE2,resid 18 and name HB2,3.50,0.60,0.90,0
resid 3 and name HA,resid 19 and name HB2,4.00,0.70,1.00,1
resid 3 and name HA,resid 19 and name HD2,3.50,0.60,0.50,2
resid 3 and name HA,resid 19 and name HG2,3.50,0.60,0.50,3
resid 3 and name HA,resid 19 and name HG3,3.50,0.60,0.50,3
resid 3 and name HB2,resid 19 and name HG2,3.50,0.60,0.70,4
resid 3 and name HB2,resid 19 and name HG3,3.50,0.60,0.70,4
resid 6 and name HZ2,resid 12 and name HA,2.50,0.50,0.50,5
resid 6 and name HH2,resid 12 and name HG2,3.50,0.60,0.70,6
resid 6 and name HH2,resid 12 and name HG3,3.50,0.60,0.70,6
resid 6 and name HH2,resid 12 and name HA,4.00,0.70,1.00,7
resid 6 and name HD1,resid 16 and name HB2,3.50,0.60,0.70,8
resid 6 and name HD1,resid 16 and name HB3,3.50,0.60,0.70,8
resid 6 and name HE1,resid 16 and name HB2,3.50,0.60,0.70,9
resid 6 and name HE1,resid 16 and name HB3,3.50,0.60,0.70,9
resid 6 and name HE1,resid 17 and name HA,3.50,0.60,0.50,10
resid 6 and name HZ2,resid 17 and name HA,4.00,0.70,1.00,11
resid 6 and name HD1,resid 16 and name HD2,3.50,0.60,0.70,12
resid 6 and name HD1,resid 16 and name HD3,3.50,0.60,0.70,12
resid 6 and name HD1,resid 16 and name HG2,3.50,0.60,0.70,13
resid 6 and name HD1,resid 16 and name HG3,3.50,0.60,0.70,13
resid 6 and name HZ2,resid 18 and name HD2,4.00,0.70,1.00,14
resid 6 and name HE1,resid 18 and name HA,3.50,0.60,0.50,15
resid 6 and name HD1,resid 18 and name HA,4.00,0.70,1.00,16
resid 6 and name HD1,resid 19 and name HD2,4.00,0.70,1.00,17
resid 9 and name HB2,resid 14 and name HB2,3.50,0.60,0.50,18
resid 9 and name HB3,resid 14 and name HB2,3.50,0.60,0.50,18
resid 6 and name HH2,resid 12 and name HD2,3.00,0.50,0.50,19
resid 6 and name HH2,resid 12 and name HD3,3.00,0.50,0.50,19
resid 6 and name HE1,resid 16 and name NH2,4.00,0.70,1.00,20
resid 6 and name HZ2,resid 18 and name HD2,3.50,0.60,0.50,21
resid 6 and name HZ2,resid 18 and name HD3,3.50,0.60,0.50,21
resid 6 and name HZ2,resid 18 and name HB2,4.00,0.70,1.00,22
resid 6 and name HZ2,resid 18 and name HB3,4.00,0.70,1.00,22
resid 6 and name HZ2,resid 18 and name HG2,4.00,0.70,1.00,23
resid 6 and name HZ2,resid 18 and name HG3,4.00,0.70,1.00,23
resid 6 and name HH2,resid 18 and name HB2,4.00,0.70,1.00,24
resid 6 and name HH2,resid 18 and name HB3,4.00,0.70,1.00,24
resid 6 and name HH2,resid 18 and name HB2,4.00,0.70,1.00,25
resid 6 and name HH2,resid 18 and name HB3,4.00,0.70,1.00,25
resid 6 and name HH2,resid 18 and name HG2,4.00,0.70,1.00,26
resid 6 and name HH2,resid 18 and name HG3,4.00,0.70,1.00,26
resid 7 and name HD21,resid 12 and name HD2,3.50,0.60,0.70,27
resid 7 and name HD21,resid 12 and name HD3,3.50,0.60,0.70,27
resid 7 and name HD22,resid 12 and name HD2,3.50,0.60,0.70,27
resid 7 and name HD22,resid 12 and name HD3,3.50,0.60,0.70,27
resid 7 and name HD23,resid 12 and name HD2,3.50,0.60,0.70,27
resid 7 and name HD23,resid 12 and name HD3,3.50,0.60,0.70,27